DFT-OP,èúëöâ^ì],,0,100,,,,0,1,0,,,,,,,,,,,,,,,,,,,,,,,,,,,,,,,,,,,,,,,,,,,,,,,,,,,,,,,,,,,,,,,,,,,,,,,,,,,,,,,,,1,0,1,0,1,2,0,â^ì],í‚é~,,,DEV1.M1807,DEV1.M1817,,,DEV1.M1807,DEV1.M1817,,,,,,,,65280,255,0,0,DEV1.D2020,
EX-PW-ST,îr∂ﬁΩÃß›â^ì],èoóÕê›íËílì¸óÕ,0,100,,,,0,1,0,,,,,,,,,,,,,,,,,,,,,,,,,,,,,,,,,,,,,,,,,,,,,,,,,,,,,,,,,,,,,,,,,,,,,,,,,,,,,,,,,1,0,1,0,1,1,0,é¿çs,,,,DEV1.M2016,,,,DEV1.M2016,,,,,,,,,65280,0,0,0,DEV1.D2020,
EX-RUN,îr∂ﬁΩÃß›â^ì],äJénÅEí‚é~,0,100,,,,0,1,0,,,,,,,,,,,,,,,,,,,,,,,,,,,,,,,,,,,,,,,,,,,,,,,,,,,,,,,,,,,,,,,,,,,,,,,,,,,,,,,,,1,0,1,0,1,2,0,â^ì],í‚é~,,,DEV1.M2008,DEV1.M2009,,,DEV1.M2008,DEV1.M2009,,,,,,,,65280,255,0,0,DEV1.D2020,
EX-TM-ST,îr∂ﬁΩÃß›â^ì],éûä‘ê›íËílì¸óÕ,0,100,,,,0,1,0,,,,,,,,,,,,,,,,,,,,,,,,,,,,,,,,,,,,,,,,,,,,,,,,,,,,,,,,,,,,,,,,,,,,,,,,,,,,,,,,,1,0,1,0,1,1,0,é¿çs,,,,DEV1.M2017,,,,DEV1.M2017,,,,,,,,,65280,0,0,0,DEV1.D2020,
GET-OPE1,OPC1ëÄçÏå†éÊìæ,,0,100,,,,0,1,0,,,,,,,,,,,,,,,,,,,,,,,,,,,,,,,,,,,,,,,,,,,,,,,,,,,,,,,,,,,,,,,,,,,,,,,,,,,,,,,,,1,0,1,0,1,2,0,éÊìæ,ï˙ä¸,,,DEV1.M2100,DEV1.M2101,,,DEV1.M2100,DEV1.M2101,,,,,,,,65280,255,0,0,,
GET-OPE2,OPC2ëÄçÏå†éÊìæ,,0,100,,,,0,1,0,,,,,,,,,,,,,,,,,,,,,,,,,,,,,,,,,,,,,,,,,,,,,,,,,,,,,,,,,,,,,,,,,,,,,,,,,,,,,,,,,1,0,1,0,1,2,0,éÊìæ,ï˙ä¸,,,DEV1.M2110,DEV1.M2111,,,DEV1.M2110,DEV1.M2111,,,,,,,,65280,255,0,0,,
INP-MST,éºìxê›íËílì¸óÕ,,0,100,,,,0,1,0,,,,,,,,,,,,,,,,,,,,,,,,,,,,,,,,,,,,,,,,,,,,,,,,,,,,,,,,,,,,,,,,,,,,,,,,,,,,,,,,,1,0,1,0,1,1,0,é¿çs,,,,DEV1.M2005,,,,DEV1.M2005,,,,,,,,,65280,0,0,0,DEV1.D2020,
INP-TMP,â∑ìxê›íËílì¸óÕ,,0,100,,,,0,1,0,,,,,,,,,,,,,,,,,,,,,,,,,,,,,,,,,,,,,,,,,,,,,,,,,,,,,,,,,,,,,,,,,,,,,,,,,,,,,,,,,1,0,1,0,1,1,0,é¿çs,,,,DEV1.M2000,,,,DEV1.M2000,,,,,,,,,65280,0,0,0,DEV1.D2020,
MST-OP,éºìxâ^ì],,0,100,,,,0,1,0,,,,,,,,,,,,,,,,,,,,,,,,,,,,,,,,,,,,,,,,,,,,,,,,,,,,,,,,,,,,,,,,,,,,,,,,,,,,,,,,,1,0,1,0,1,2,0,â^ì],í‚é~,,,DEV1.M1806,DEV1.M1816,,,DEV1.M1806,DEV1.M1816,,,,,,,,65280,255,0,0,DEV1.D2020,
PRG-CHG,Ãﬂ€∏ﬁ◊—â^ì],èIóπéûãììÆêÿë÷,0,100,,,,0,1,0,,,,,,,,,,,,,,,,,,,,,,,,,,,,,,,,,,,,,,,,,,,,,,,,,,,,,,,,,,,,,,,,,,,,,,,,,,,,,,,,,1,0,1,0,1,2,0,â^ì]åpë±,â^ì]í‚é~,,,DEV1.M1010,/DEV1.M1010,,,DEV1.M1010,/DEV1.M1010,,,,,,,,65280,255,0,0,DEV1.D2020,
PRG-RST,Ãﬂ€∏ﬁ◊—â^ì]í‚é~,çƒäJÅEàÍéûí‚é~,0,100,,,,0,1,0,,,,,,,,,,,,,,,,,,,,,,,,,,,,,,,,,,,,,,,,,,,,,,,,,,,,,,,,,,,,,,,,,,,,,,,,,,,,,,,,,1,0,1,0,1,2,0,çƒäJ,àÍéûí‚é~,,,DEV1.M2013,DEV1.M2012,,,DEV1.M2013,DEV1.M2012,,,,,,,,65280,255,0,0,DEV1.D2020,
PRG-ST,Ãﬂ€∏ﬁ◊—â^ì],äJénÅEí‚é~,0,100,,,,0,1,0,,,,,,,,,,,,,,,,,,,,,,,,,,,,,,,,,,,,,,,,,,,,,,,,,,,,,,,,,,,,,,,,,,,,,,,,,,,,,,,,,1,0,1,0,1,2,0,â^ì],í‚é~,,,DEV1.M2010,DEV1.M2011,,,DEV1.M2010,DEV1.M2011,,,,,,,,65280,255,0,0,DEV1.D2020,
SLT-RM1,éÂééå±é∫ëIë,,0,100,,,,0,1,0,,,,,,,,,,,,,,,,,,,,,,,,,,,,,,,,,,,,,,,,,,,,,,,,,,,,,,,,,,,,,,,,,,,,,,,,,,,,,,,,,1,0,1,0,1,1,0,ëIë,,,,DEV1.M1800,,,,DEV1.M1800,,,,,,,,,65280,0,0,0,DEV1.D2020,
SLT-RM2,À∞ƒ ﬁ◊›ΩëIë,,0,100,,,,0,1,0,,,,,,,,,,,,,,,,,,,,,,,,,,,,,,,,,,,,,,,,,,,,,,,,,,,,,,,,,,,,,,,,,,,,,,,,,,,,,,,,,1,0,1,0,1,1,0,ëIë,,,,DEV1.M1801,,,,DEV1.M1801,,,,,,,,,65280,0,0,0,DEV1.D2020,
SLT-RM3,ëOé∫ëIë,,0,100,,,,0,1,0,,,,,,,,,,,,,,,,,,,,,,,,,,,,,,,,,,,,,,,,,,,,,,,,,,,,,,,,,,,,,,,,,,,,,,,,,,,,,,,,,1,0,1,0,1,1,0,ëIë,,,,DEV1.M1802,,,,DEV1.M1802,,,,,,,,,65280,0,0,0,DEV1.D2020,
TMP-OP,â∑ìxâ^ì],,0,100,,,,0,1,0,,,,,,,,,,,,,,,,,,,,,,,,,,,,,,,,,,,,,,,,,,,,,,,,,,,,,,,,,,,,,,,,,,,,,,,,,,,,,,,,,1,0,1,0,1,2,0,â^ì],í‚é~,,,DEV1.M1804,DEV1.M1814,,,DEV1.M1804,DEV1.M1814,,,,,,,,65280,255,0,0,DEV1.D2020,
UTL-OP,’∞√®ÿ√®â^ì],,0,100,,,,0,1,0,,,,,,,,,,,,,,,,,,,,,,,,,,,,,,,,,,,,,,,,,,,,,,,,,,,,,,,,,,,,,,,,,,,,,,,,,,,,,,,,,1,0,1,0,1,2,0,â^ì],í‚é~,,,DEV1.M1803,DEV1.M1813,,,DEV1.M1803,DEV1.M1813,,,,,,,,65280,255,0,0,DEV1.D2020,
